32767,29599,27487,25375,23263,20095,17983,15871,13759,11647,8479,6367,4255,2143,31,31,28,26,24,22,19,17,15,13,11,8,6,4,2,0
29599,26431,24319,22207,20095,17983,15871,12703,10591,8479,6367,4255,2143,31,31,28,26,24,22,20,18,16,14,12,10,8,6,4,2,0
27487,24319,22207,20095,17983,15871,13759,10591,8479,6367,4255,2143,31,31,29,27,25,23,21,19,17,15,13,11,9,7,5,3,1,0
25375,22207,20095,17983,15871,13759,10591,8479,6367,4255,2143,31,31,29,27,25,23,21,20,18,16,14,12,10,9,7,5,3,1,0
23263,20095,17983,15871,13759,10591,8479,6367,4255,2143,31,31,29,27,25,24,22,20,18,17,15,13,12,10,8,6,5,3,1,0
20095,16927,14815,12703,10591,8479,6367,4255,2143,31,31,29,27,26,24,22,21,19,17,16,14,13,11,9,8,6,4,3,1,0
17983,14815,12703,10591,8479,6367,4255,2143,31,31,29,27,26,24,23,21,20,18,17,15,13,12,10,9,7,6,4,3,1,0
15871,12703,10591,8479,6367,4255,2143,31,31,29,28,26,25,23,22,20,19,17,16,14,13,11,10,8,7,5,4,2,1,0
13759,10591,8479,6367,4255,2143,31,31,29,28,26,25,23,22,21,19,18,16,15,14,12,11,9,8,7,5,4,2,1,0
11647,8479,6367,4255,2143,31,31,29,28,26,25,24,22,21,20,18,17,16,14,13,12,10,9,8,6,5,4,2,1,0
8479,6367,4255,2143,31,31,29,28,27,25,24,23,21,20,19,18,16,15,14,12,11,10,9,7,6,5,3,2,1,0
6367,4255,2143,31,31,29,28,27,26,24,23,22,21,19,18,17,16,14,13,12,11,9,8,7,6,4,3,2,1,0
4255,2143,31,31,29,28,27,26,25,23,22,21,20,19,17,16,15,14,13,11,10,9,8,7,5,4,3,2,1,0
2143,31,31,29,28,27,26,25,24,22,21,20,19,18,17,16,14,13,12,11,10,9,8,6,5,4,3,2,1,0
31,31,29,28,27,26,25,24,23,22,21,19,18,17,16,15,14,13,12,11,9,8,7,6,5,4,3,2,1,0
32767,29692,27642,25592,23542,20467,18417,16367,14317,12267,9192,7142,5092,3042,992,992,896,832,768,704,608,544,480,416,352,256,192,128,64,0
29692,26617,24567,22517,20467,18417,16367,13292,11242,9192,7142,5092,3042,992,992,896,832,768,704,640,576,512,448,384,320,256,192,128,64,0
27642,24567,22517,20467,18417,16367,14317,11242,9192,7142,5092,3042,992,992,928,864,800,736,672,608,544,480,416,352,288,224,160,96,32,0
25592,22517,20467,18417,16367,14317,11242,9192,7142,5092,3042,992,992,928,864,800,736,672,640,576,512,448,384,320,288,224,160,96,32,0
23542,20467,18417,16367,14317,11242,9192,7142,5092,3042,992,992,928,864,800,768,704,640,576,544,480,416,384,320,256,192,160,96,32,0
20467,17392,15342,13292,11242,9192,7142,5092,3042,992,992,928,864,832,768,704,672,608,544,512,448,416,352,288,256,192,128,96,32,0
18417,15342,13292,11242,9192,7142,5092,3042,992,992,928,864,832,768,736,672,640,576,544,480,416,384,320,288,224,192,128,96,32,0
16367,13292,11242,9192,7142,5092,3042,992,992,928,896,832,800,736,704,640,608,544,512,448,416,352,320,256,224,160,128,64,32,0
14317,11242,9192,7142,5092,3042,992,992,928,896,832,800,736,704,672,608,576,512,480,448,384,352,288,256,224,160,128,64,32,0
12267,9192,7142,5092,3042,992,992,928,896,832,800,768,704,672,640,576,544,512,448,416,384,320,288,256,192,160,128,64,32,0
9192,7142,5092,3042,992,992,928,896,864,800,768,736,672,640,608,576,512,480,448,384,352,320,288,224,192,160,96,64,32,0
7142,5092,3042,992,992,928,896,864,832,768,736,704,672,608,576,544,512,448,416,384,352,288,256,224,192,128,96,64,32,0
5092,3042,992,992,928,896,864,832,800,736,704,672,640,608,544,512,480,448,416,352,320,288,256,224,160,128,96,64,32,0
3042,992,992,928,896,864,832,800,768,704,672,640,608,576,544,512,448,416,384,352,320,288,256,192,160,128,96,64,32,0
992,992,928,896,864,832,800,768,736,704,672,608,576,544,512,480,448,416,384,352,288,256,224,192,160,128,96,64,32,0
32767,32668,32602,32536,32470,32371,32305,32239,32173,32107,32008,31942,31876,31810,31744,31744,28672,26624,24576,22528,19456,17408,15360,13312,11264,8192,6144,4096,2048,0
32668,32569,32503,32437,32371,32305,32239,32140,32074,32008,31942,31876,31810,31744,31744,28672,26624,24576,22528,20480,18432,16384,14336,12288,10240,8192,6144,4096,2048,0
32602,32503,32437,32371,32305,32239,32173,32074,32008,31942,31876,31810,31744,31744,29696,27648,25600,23552,21504,19456,17408,15360,13312,11264,9216,7168,5120,3072,1024,0
32536,32437,32371,32305,32239,32173,32074,32008,31942,31876,31810,31744,31744,29696,27648,25600,23552,21504,20480,18432,16384,14336,12288,10240,9216,7168,5120,3072,1024,0
32470,32371,32305,32239,32173,32074,32008,31942,31876,31810,31744,31744,29696,27648,25600,24576,22528,20480,18432,17408,15360,13312,12288,10240,8192,6144,5120,3072,1024,0
32371,32272,32206,32140,32074,32008,31942,31876,31810,31744,31744,29696,27648,26624,24576,22528,21504,19456,17408,16384,14336,13312,11264,9216,8192,6144,4096,3072,1024,0
32305,32206,32140,32074,32008,31942,31876,31810,31744,31744,29696,27648,26624,24576,23552,21504,20480,18432,17408,15360,13312,12288,10240,9216,7168,6144,4096,3072,1024,0
32239,32140,32074,32008,31942,31876,31810,31744,31744,29696,28672,26624,25600,23552,22528,20480,19456,17408,16384,14336,13312,11264,10240,8192,7168,5120,4096,2048,1024,0
32173,32074,32008,31942,31876,31810,31744,31744,29696,28672,26624,25600,23552,22528,21504,19456,18432,16384,15360,14336,12288,11264,9216,8192,7168,5120,4096,2048,1024,0
32107,32008,31942,31876,31810,31744,31744,29696,28672,26624,25600,24576,22528,21504,20480,18432,17408,16384,14336,13312,12288,10240,9216,8192,6144,5120,4096,2048,1024,0
32008,31942,31876,31810,31744,31744,29696,28672,27648,25600,24576,23552,21504,20480,19456,18432,16384,15360,14336,12288,11264,10240,9216,7168,6144,5120,3072,2048,1024,0
31942,31876,31810,31744,31744,29696,28672,27648,26624,24576,23552,22528,21504,19456,18432,17408,16384,14336,13312,12288,11264,9216,8192,7168,6144,4096,3072,2048,1024,0
31876,31810,31744,31744,29696,28672,27648,26624,25600,23552,22528,21504,20480,19456,17408,16384,15360,14336,13312,11264,10240,9216,8192,7168,5120,4096,3072,2048,1024,0
31810,31744,31744,29696,28672,27648,26624,25600,24576,22528,21504,20480,19456,18432,17408,16384,14336,13312,12288,11264,10240,9216,8192,6144,5120,4096,3072,2048,1024,0
31744,31744,29696,28672,27648,26624,25600,24576,23552,22528,21504,19456,18432,17408,16384,15360,14336,13312,12288,11264,9216,8192,7168,6144,5120,4096,3072,2048,1024,0
32767,29695,27647,25599,23551,20479,18431,16383,14335,12287,9215,7167,5119,3071,1023,1023,924,858,792,726,627,561,495,429,363,264,198,132,66,0
29695,26623,24575,22527,20479,18431,16383,13311,11263,9215,7167,5119,3071,1023,1023,924,858,792,726,660,594,528,462,396,330,264,198,132,66,0
27647,24575,22527,20479,18431,16383,14335,11263,9215,7167,5119,3071,1023,1023,957,891,825,759,693,627,561,495,429,363,297,231,165,99,33,0
25599,22527,20479,18431,16383,14335,11263,9215,7167,5119,3071,1023,1023,957,891,825,759,693,660,594,528,462,396,330,297,231,165,99,33,0
23551,20479,18431,16383,14335,11263,9215,7167,5119,3071,1023,1023,957,891,825,792,726,660,594,561,495,429,396,330,264,198,165,99,33,0
20479,17407,15359,13311,11263,9215,7167,5119,3071,1023,1023,957,891,858,792,726,693,627,561,528,462,429,363,297,264,198,132,99,33,0
18431,15359,13311,11263,9215,7167,5119,3071,1023,1023,957,891,858,792,759,693,660,594,561,495,429,396,330,297,231,198,132,99,33,0
16383,13311,11263,9215,7167,5119,3071,1023,1023,957,924,858,825,759,726,660,627,561,528,462,429,363,330,264,231,165,132,66,33,0
14335,11263,9215,7167,5119,3071,1023,1023,957,924,858,825,759,726,693,627,594,528,495,462,396,363,297,264,231,165,132,66,33,0
12287,9215,7167,5119,3071,1023,1023,957,924,858,825,792,726,693,660,594,561,528,462,429,396,330,297,264,198,165,132,66,33,0
9215,7167,5119,3071,1023,1023,957,924,891,825,792,759,693,660,627,594,528,495,462,396,363,330,297,231,198,165,99,66,33,0
7167,5119,3071,1023,1023,957,924,891,858,792,759,726,693,627,594,561,528,462,429,396,363,297,264,231,198,132,99,66,33,0
5119,3071,1023,1023,957,924,891,858,825,759,726,693,660,627,561,528,495,462,429,363,330,297,264,231,165,132,99,66,33,0
3071,1023,1023,957,924,891,858,825,792,726,693,660,627,594,561,528,462,429,396,363,330,297,264,198,165,132,99,66,33,0
1023,1023,957,924,891,858,825,792,759,726,693,627,594,561,528,495,462,429,396,363,297,264,231,198,165,132,99,66,33,0
32767,32671,32607,32543,32479,32383,32319,32255,32191,32127,32031,31967,31903,31839,31775,31775,28700,26650,24600,22550,19475,17425,15375,13325,11275,8200,6150,4100,2050,0
32671,32575,32511,32447,32383,32319,32255,32159,32095,32031,31967,31903,31839,31775,31775,28700,26650,24600,22550,20500,18450,16400,14350,12300,10250,8200,6150,4100,2050,0
32607,32511,32447,32383,32319,32255,32191,32095,32031,31967,31903,31839,31775,31775,29725,27675,25625,23575,21525,19475,17425,15375,13325,11275,9225,7175,5125,3075,1025,0
32543,32447,32383,32319,32255,32191,32095,32031,31967,31903,31839,31775,31775,29725,27675,25625,23575,21525,20500,18450,16400,14350,12300,10250,9225,7175,5125,3075,1025,0
32479,32383,32319,32255,32191,32095,32031,31967,31903,31839,31775,31775,29725,27675,25625,24600,22550,20500,18450,17425,15375,13325,12300,10250,8200,6150,5125,3075,1025,0
32383,32287,32223,32159,32095,32031,31967,31903,31839,31775,31775,29725,27675,26650,24600,22550,21525,19475,17425,16400,14350,13325,11275,9225,8200,6150,4100,3075,1025,0
32319,32223,32159,32095,32031,31967,31903,31839,31775,31775,29725,27675,26650,24600,23575,21525,20500,18450,17425,15375,13325,12300,10250,9225,7175,6150,4100,3075,1025,0
32255,32159,32095,32031,31967,31903,31839,31775,31775,29725,28700,26650,25625,23575,22550,20500,19475,17425,16400,14350,13325,11275,10250,8200,7175,5125,4100,2050,1025,0
32191,32095,32031,31967,31903,31839,31775,31775,29725,28700,26650,25625,23575,22550,21525,19475,18450,16400,15375,14350,12300,11275,9225,8200,7175,5125,4100,2050,1025,0
32127,32031,31967,31903,31839,31775,31775,29725,28700,26650,25625,24600,22550,21525,20500,18450,17425,16400,14350,13325,12300,10250,9225,8200,6150,5125,4100,2050,1025,0
32031,31967,31903,31839,31775,31775,29725,28700,27675,25625,24600,23575,21525,20500,19475,18450,16400,15375,14350,12300,11275,10250,9225,7175,6150,5125,3075,2050,1025,0
31967,31903,31839,31775,31775,29725,28700,27675,26650,24600,23575,22550,21525,19475,18450,17425,16400,14350,13325,12300,11275,9225,8200,7175,6150,4100,3075,2050,1025,0
31903,31839,31775,31775,29725,28700,27675,26650,25625,23575,22550,21525,20500,19475,17425,16400,15375,14350,13325,11275,10250,9225,8200,7175,5125,4100,3075,2050,1025,0
31839,31775,31775,29725,28700,27675,26650,25625,24600,22550,21525,20500,19475,18450,17425,16400,14350,13325,12300,11275,10250,9225,8200,6150,5125,4100,3075,2050,1025,0
31775,31775,29725,28700,27675,26650,25625,24600,23575,22550,21525,19475,18450,17425,16400,15375,14350,13325,12300,11275,9225,8200,7175,6150,5125,4100,3075,2050,1025,0
32767,32764,32762,32760,32758,32755,32753,32751,32749,32747,32744,32742,32740,32738,32736,32736,29568,27456,25344,23232,20064,17952,15840,13728,11616,8448,6336,4224,2112,0
32764,32761,32759,32757,32755,32753,32751,32748,32746,32744,32742,32740,32738,32736,32736,29568,27456,25344,23232,21120,19008,16896,14784,12672,10560,8448,6336,4224,2112,0
32762,32759,32757,32755,32753,32751,32749,32746,32744,32742,32740,32738,32736,32736,30624,28512,26400,24288,22176,20064,17952,15840,13728,11616,9504,7392,5280,3168,1056,0
32760,32757,32755,32753,32751,32749,32746,32744,32742,32740,32738,32736,32736,30624,28512,26400,24288,22176,21120,19008,16896,14784,12672,10560,9504,7392,5280,3168,1056,0
32758,32755,32753,32751,32749,32746,32744,32742,32740,32738,32736,32736,30624,28512,26400,25344,23232,21120,19008,17952,15840,13728,12672,10560,8448,6336,5280,3168,1056,0
32755,32752,32750,32748,32746,32744,32742,32740,32738,32736,32736,30624,28512,27456,25344,23232,22176,20064,17952,16896,14784,13728,11616,9504,8448,6336,4224,3168,1056,0
32753,32750,32748,32746,32744,32742,32740,32738,32736,32736,30624,28512,27456,25344,24288,22176,21120,19008,17952,15840,13728,12672,10560,9504,7392,6336,4224,3168,1056,0
32751,32748,32746,32744,32742,32740,32738,32736,32736,30624,29568,27456,26400,24288,23232,21120,20064,17952,16896,14784,13728,11616,10560,8448,7392,5280,4224,2112,1056,0
32749,32746,32744,32742,32740,32738,32736,32736,30624,29568,27456,26400,24288,23232,22176,20064,19008,16896,15840,14784,12672,11616,9504,8448,7392,5280,4224,2112,1056,0
32747,32744,32742,32740,32738,32736,32736,30624,29568,27456,26400,25344,23232,22176,21120,19008,17952,16896,14784,13728,12672,10560,9504,8448,6336,5280,4224,2112,1056,0
32744,32742,32740,32738,32736,32736,30624,29568,28512,26400,25344,24288,22176,21120,20064,19008,16896,15840,14784,12672,11616,10560,9504,7392,6336,5280,3168,2112,1056,0
32742,32740,32738,32736,32736,30624,29568,28512,27456,25344,24288,23232,22176,20064,19008,17952,16896,14784,13728,12672,11616,9504,8448,7392,6336,4224,3168,2112,1056,0
32740,32738,32736,32736,30624,29568,28512,27456,26400,24288,23232,22176,21120,20064,17952,16896,15840,14784,13728,11616,10560,9504,8448,7392,5280,4224,3168,2112,1056,0
32738,32736,32736,30624,29568,28512,27456,26400,25344,23232,22176,21120,20064,19008,17952,16896,14784,13728,12672,11616,10560,9504,8448,6336,5280,4224,3168,2112,1056,0
32736,32736,30624,29568,28512,27456,26400,25344,24288,23232,22176,20064,19008,17952,16896,15840,14784,13728,12672,11616,9504,8448,7392,6336,5280,4224,3168,2112,1056,0
32767,29597,27484,25371,23258,20089,17976,15863,13750,11637,8468,6355,4242,2129,16,16,14,13,12,11,10,9,7,6,5,4,3,2,1,0
29597,26428,24315,22202,20089,17976,15863,12694,10581,8468,6355,4242,2129,16,16,14,13,12,11,10,9,8,7,6,5,4,3,2,1,0
27484,24315,22202,20089,17976,15863,13750,10581,8468,6355,4242,2129,16,16,15,14,13,12,11,10,9,8,7,6,5,4,3,2,1,0
25371,22202,20089,17976,15863,13750,10581,8468,6355,4242,2129,16,16,15,14,13,12,11,10,9,8,7,6,5,4,3,2,1,0,0
23258,20089,17976,15863,13750,10581,8468,6355,4242,2129,16,16,15,14,13,12,11,10,9,8,7,7,6,5,4,3,2,1,0,0
20089,16920,14807,12694,10581,8468,6355,4242,2129,16,16,15,14,13,12,11,10,10,9,8,7,6,5,5,4,3,2,1,0,0
17976,14807,12694,10581,8468,6355,4242,2129,16,16,15,14,13,12,11,11,10,9,8,7,7,6,5,4,3,3,2,1,0,0
15863,12694,10581,8468,6355,4242,2129,16,16,15,14,13,12,12,11,10,9,9,8,7,6,6,5,4,3,3,2,1,0,0
13750,10581,8468,6355,4242,2129,16,16,15,14,13,13,12,11,10,10,9,8,7,7,6,5,5,4,3,2,2,1,0,0
11637,8468,6355,4242,2129,16,16,15,14,13,13,12,11,11,10,9,9,8,7,6,6,5,4,4,3,2,2,1,0,0
8468,6355,4242,2129,16,16,15,14,13,13,12,11,11,10,9,9,8,7,7,6,5,5,4,3,3,2,1,1,0,0
6355,4242,2129,16,16,15,14,14,13,12,12,11,10,10,9,8,8,7,7,6,5,5,4,3,3,2,1,1,0,0
4242,2129,16,16,15,14,14,13,12,12,11,11,10,9,9,8,7,7,6,6,5,4,4,3,3,2,1,1,0,0
2129,16,16,15,14,14,13,13,12,11,11,10,10,9,8,8,7,7,6,5,5,4,4,3,2,2,1,1,0,0
16,16,15,14,14,13,13,12,12,11,10,10,9,9,8,8,7,6,6,5,5,4,4,3,2,2,1,1,0,0
32767,29628,27546,25464,23382,20275,18193,16111,14029,11947,8840,6758,4676,2594,512,512,448,416,384,352,320,288,224,192,160,128,96,64,32,0
29628,26521,24439,22357,20275,18193,16111,13004,10922,8840,6758,4676,2594,512,512,448,416,384,352,320,288,256,224,192,160,128,96,64,32,0
27546,24439,22357,20275,18193,16111,14029,10922,8840,6758,4676,2594,512,512,480,448,416,384,352,320,288,256,224,192,160,128,96,64,32,0
25464,22357,20275,18193,16111,14029,10922,8840,6758,4676,2594,512,512,480,448,416,384,352,320,288,256,224,192,160,128,96,64,32,0,0
23382,20275,18193,16111,14029,10922,8840,6758,4676,2594,512,512,480,448,416,384,352,320,288,256,224,224,192,160,128,96,64,32,0,0
20275,17168,15086,13004,10922,8840,6758,4676,2594,512,512,480,448,416,384,352,320,320,288,256,224,192,160,160,128,96,64,32,0,0
18193,15086,13004,10922,8840,6758,4676,2594,512,512,480,448,416,384,352,352,320,288,256,224,224,192,160,128,96,96,64,32,0,0
16111,13004,10922,8840,6758,4676,2594,512,512,480,448,416,384,384,352,320,288,288,256,224,192,192,160,128,96,96,64,32,0,0
14029,10922,8840,6758,4676,2594,512,512,480,448,416,416,384,352,320,320,288,256,224,224,192,160,160,128,96,64,64,32,0,0
11947,8840,6758,4676,2594,512,512,480,448,416,416,384,352,352,320,288,288,256,224,192,192,160,128,128,96,64,64,32,0,0
8840,6758,4676,2594,512,512,480,448,416,416,384,352,352,320,288,288,256,224,224,192,160,160,128,96,96,64,32,32,0,0
6758,4676,2594,512,512,480,448,448,416,384,384,352,320,320,288,256,256,224,224,192,160,160,128,96,96,64,32,32,0,0
4676,2594,512,512,480,448,448,416,384,384,352,352,320,288,288,256,224,224,192,192,160,128,128,96,96,64,32,32,0,0
2594,512,512,480,448,448,416,416,384,352,352,320,320,288,256,256,224,224,192,160,160,128,128,96,64,64,32,32,0,0
512,512,480,448,448,416,416,384,384,352,320,320,288,288,256,256,224,192,192,160,160,128,128,96,64,64,32,32,0,0
32767,30620,29530,28440,27350,26227,25137,24047,22957,21867,20744,19654,18564,17474,16384,16384,14336,13312,12288,11264,10240,9216,7168,6144,5120,4096,3072,2048,1024,0
30620,29497,28407,27317,26227,25137,24047,22924,21834,20744,19654,18564,17474,16384,16384,14336,13312,12288,11264,10240,9216,8192,7168,6144,5120,4096,3072,2048,1024,0
29530,28407,27317,26227,25137,24047,22957,21834,20744,19654,18564,17474,16384,16384,15360,14336,13312,12288,11264,10240,9216,8192,7168,6144,5120,4096,3072,2048,1024,0
28440,27317,26227,25137,24047,22957,21834,20744,19654,18564,17474,16384,16384,15360,14336,13312,12288,11264,10240,9216,8192,7168,6144,5120,4096,3072,2048,1024,0,0
27350,26227,25137,24047,22957,21834,20744,19654,18564,17474,16384,16384,15360,14336,13312,12288,11264,10240,9216,8192,7168,7168,6144,5120,4096,3072,2048,1024,0,0
26227,25104,24014,22924,21834,20744,19654,18564,17474,16384,16384,15360,14336,13312,12288,11264,10240,10240,9216,8192,7168,6144,5120,5120,4096,3072,2048,1024,0,0
25137,24014,22924,21834,20744,19654,18564,17474,16384,16384,15360,14336,13312,12288,11264,11264,10240,9216,8192,7168,7168,6144,5120,4096,3072,3072,2048,1024,0,0
24047,22924,21834,20744,19654,18564,17474,16384,16384,15360,14336,13312,12288,12288,11264,10240,9216,9216,8192,7168,6144,6144,5120,4096,3072,3072,2048,1024,0,0
22957,21834,20744,19654,18564,17474,16384,16384,15360,14336,13312,13312,12288,11264,10240,10240,9216,8192,7168,7168,6144,5120,5120,4096,3072,2048,2048,1024,0,0
21867,20744,19654,18564,17474,16384,16384,15360,14336,13312,13312,12288,11264,11264,10240,9216,9216,8192,7168,6144,6144,5120,4096,4096,3072,2048,2048,1024,0,0
20744,19654,18564,17474,16384,16384,15360,14336,13312,13312,12288,11264,11264,10240,9216,9216,8192,7168,7168,6144,5120,5120,4096,3072,3072,2048,1024,1024,0,0
19654,18564,17474,16384,16384,15360,14336,14336,13312,12288,12288,11264,10240,10240,9216,8192,8192,7168,7168,6144,5120,5120,4096,3072,3072,2048,1024,1024,0,0
18564,17474,16384,16384,15360,14336,14336,13312,12288,12288,11264,11264,10240,9216,9216,8192,7168,7168,6144,6144,5120,4096,4096,3072,3072,2048,1024,1024,0,0
17474,16384,16384,15360,14336,14336,13312,13312,12288,11264,11264,10240,10240,9216,8192,8192,7168,7168,6144,5120,5120,4096,4096,3072,2048,2048,1024,1024,0,0
16384,16384,15360,14336,14336,13312,13312,12288,12288,11264,10240,10240,9216,9216,8192,8192,7168,6144,6144,5120,5120,4096,4096,3072,2048,2048,1024,1024,0,0
32767,29629,27548,25467,23386,20281,18200,16119,14038,11957,8852,6771,4690,2609,528,528,462,429,396,363,330,297,231,198,165,132,99,66,33,0
29629,26524,24443,22362,20281,18200,16119,13014,10933,8852,6771,4690,2609,528,528,462,429,396,363,330,297,264,231,198,165,132,99,66,33,0
27548,24443,22362,20281,18200,16119,14038,10933,8852,6771,4690,2609,528,528,495,462,429,396,363,330,297,264,231,198,165,132,99,66,33,0
25467,22362,20281,18200,16119,14038,10933,8852,6771,4690,2609,528,528,495,462,429,396,363,330,297,264,231,198,165,132,99,66,33,0,0
23386,20281,18200,16119,14038,10933,8852,6771,4690,2609,528,528,495,462,429,396,363,330,297,264,231,231,198,165,132,99,66,33,0,0
20281,17176,15095,13014,10933,8852,6771,4690,2609,528,528,495,462,429,396,363,330,330,297,264,231,198,165,165,132,99,66,33,0,0
18200,15095,13014,10933,8852,6771,4690,2609,528,528,495,462,429,396,363,363,330,297,264,231,231,198,165,132,99,99,66,33,0,0
16119,13014,10933,8852,6771,4690,2609,528,528,495,462,429,396,396,363,330,297,297,264,231,198,198,165,132,99,99,66,33,0,0
14038,10933,8852,6771,4690,2609,528,528,495,462,429,429,396,363,330,330,297,264,231,231,198,165,165,132,99,66,66,33,0,0
11957,8852,6771,4690,2609,528,528,495,462,429,429,396,363,363,330,297,297,264,231,198,198,165,132,132,99,66,66,33,0,0
8852,6771,4690,2609,528,528,495,462,429,429,396,363,363,330,297,297,264,231,231,198,165,165,132,99,99,66,33,33,0,0
6771,4690,2609,528,528,495,462,462,429,396,396,363,330,330,297,264,264,231,231,198,165,165,132,99,99,66,33,33,0,0
4690,2609,528,528,495,462,462,429,396,396,363,363,330,297,297,264,231,231,198,198,165,132,132,99,99,66,33,33,0,0
2609,528,528,495,462,462,429,429,396,363,363,330,330,297,264,264,231,231,198,165,165,132,132,99,66,66,33,33,0,0
528,528,495,462,462,429,429,396,396,363,330,330,297,297,264,264,231,198,198,165,165,132,132,99,66,66,33,33,0,0
32767,30621,29532,28443,27354,26233,25144,24055,22966,21877,20756,19667,18578,17489,16400,16400,14350,13325,12300,11275,10250,9225,7175,6150,5125,4100,3075,2050,1025,0
30621,29500,28411,27322,26233,25144,24055,22934,21845,20756,19667,18578,17489,16400,16400,14350,13325,12300,11275,10250,9225,8200,7175,6150,5125,4100,3075,2050,1025,0
29532,28411,27322,26233,25144,24055,22966,21845,20756,19667,18578,17489,16400,16400,15375,14350,13325,12300,11275,10250,9225,8200,7175,6150,5125,4100,3075,2050,1025,0
28443,27322,26233,25144,24055,22966,21845,20756,19667,18578,17489,16400,16400,15375,14350,13325,12300,11275,10250,9225,8200,7175,6150,5125,4100,3075,2050,1025,0,0
27354,26233,25144,24055,22966,21845,20756,19667,18578,17489,16400,16400,15375,14350,13325,12300,11275,10250,9225,8200,7175,7175,6150,5125,4100,3075,2050,1025,0,0
26233,25112,24023,22934,21845,20756,19667,18578,17489,16400,16400,15375,14350,13325,12300,11275,10250,10250,9225,8200,7175,6150,5125,5125,4100,3075,2050,1025,0,0
25144,24023,22934,21845,20756,19667,18578,17489,16400,16400,15375,14350,13325,12300,11275,11275,10250,9225,8200,7175,7175,6150,5125,4100,3075,3075,2050,1025,0,0
24055,22934,21845,20756,19667,18578,17489,16400,16400,15375,14350,13325,12300,12300,11275,10250,9225,9225,8200,7175,6150,6150,5125,4100,3075,3075,2050,1025,0,0
22966,21845,20756,19667,18578,17489,16400,16400,15375,14350,13325,13325,12300,11275,10250,10250,9225,8200,7175,7175,6150,5125,5125,4100,3075,2050,2050,1025,0,0
21877,20756,19667,18578,17489,16400,16400,15375,14350,13325,13325,12300,11275,11275,10250,9225,9225,8200,7175,6150,6150,5125,4100,4100,3075,2050,2050,1025,0,0
20756,19667,18578,17489,16400,16400,15375,14350,13325,13325,12300,11275,11275,10250,9225,9225,8200,7175,7175,6150,5125,5125,4100,3075,3075,2050,1025,1025,0,0
19667,18578,17489,16400,16400,15375,14350,14350,13325,12300,12300,11275,10250,10250,9225,8200,8200,7175,7175,6150,5125,5125,4100,3075,3075,2050,1025,1025,0,0
18578,17489,16400,16400,15375,14350,14350,13325,12300,12300,11275,11275,10250,9225,9225,8200,7175,7175,6150,6150,5125,4100,4100,3075,3075,2050,1025,1025,0,0
17489,16400,16400,15375,14350,14350,13325,13325,12300,11275,11275,10250,10250,9225,8200,8200,7175,7175,6150,5125,5125,4100,4100,3075,2050,2050,1025,1025,0,0
16400,16400,15375,14350,14350,13325,13325,12300,12300,11275,10250,10250,9225,9225,8200,8200,7175,6150,6150,5125,5125,4100,4100,3075,2050,2050,1025,1025,0,0
32767,30652,29594,28536,27478,26419,25361,24303,23245,22187,21128,20070,19012,17954,16896,16896,14784,13728,12672,11616,10560,9504,7392,6336,5280,4224,3168,2112,1056,0
30652,29593,28535,27477,26419,25361,24303,23244,22186,21128,20070,19012,17954,16896,16896,14784,13728,12672,11616,10560,9504,8448,7392,6336,5280,4224,3168,2112,1056,0
29594,28535,27477,26419,25361,24303,23245,22186,21128,20070,19012,17954,16896,16896,15840,14784,13728,12672,11616,10560,9504,8448,7392,6336,5280,4224,3168,2112,1056,0
28536,27477,26419,25361,24303,23245,22186,21128,20070,19012,17954,16896,16896,15840,14784,13728,12672,11616,10560,9504,8448,7392,6336,5280,4224,3168,2112,1056,0,0
27478,26419,25361,24303,23245,22186,21128,20070,19012,17954,16896,16896,15840,14784,13728,12672,11616,10560,9504,8448,7392,7392,6336,5280,4224,3168,2112,1056,0,0
26419,25360,24302,23244,22186,21128,20070,19012,17954,16896,16896,15840,14784,13728,12672,11616,10560,10560,9504,8448,7392,6336,5280,5280,4224,3168,2112,1056,0,0
25361,24302,23244,22186,21128,20070,19012,17954,16896,16896,15840,14784,13728,12672,11616,11616,10560,9504,8448,7392,7392,6336,5280,4224,3168,3168,2112,1056,0,0
24303,23244,22186,21128,20070,19012,17954,16896,16896,15840,14784,13728,12672,12672,11616,10560,9504,9504,8448,7392,6336,6336,5280,4224,3168,3168,2112,1056,0,0
23245,22186,21128,20070,19012,17954,16896,16896,15840,14784,13728,13728,12672,11616,10560,10560,9504,8448,7392,7392,6336,5280,5280,4224,3168,2112,2112,1056,0,0
22187,21128,20070,19012,17954,16896,16896,15840,14784,13728,13728,12672,11616,11616,10560,9504,9504,8448,7392,6336,6336,5280,4224,4224,3168,2112,2112,1056,0,0
21128,20070,19012,17954,16896,16896,15840,14784,13728,13728,12672,11616,11616,10560,9504,9504,8448,7392,7392,6336,5280,5280,4224,3168,3168,2112,1056,1056,0,0
20070,19012,17954,16896,16896,15840,14784,14784,13728,12672,12672,11616,10560,10560,9504,8448,8448,7392,7392,6336,5280,5280,4224,3168,3168,2112,1056,1056,0,0
19012,17954,16896,16896,15840,14784,14784,13728,12672,12672,11616,11616,10560,9504,9504,8448,7392,7392,6336,6336,5280,4224,4224,3168,3168,2112,1056,1056,0,0
17954,16896,16896,15840,14784,14784,13728,13728,12672,11616,11616,10560,10560,9504,8448,8448,7392,7392,6336,5280,5280,4224,4224,3168,2112,2112,1056,1056,0,0
16896,16896,15840,14784,14784,13728,13728,12672,12672,11616,10560,10560,9504,9504,8448,8448,7392,6336,6336,5280,5280,4224,4224,3168,2112,2112,1056,1056,0,0
32767,30716,29690,28664,27638,26611,25585,24559,23533,22507,21480,20454,19428,18402,17376,17376,15232,14144,13056,11968,10848,9760,7648,6560,5472,4352,3264,2176,1088,0
30716,29689,28663,27637,26611,25585,24559,23532,22506,21480,20454,19428,18402,17376,17376,15232,14144,13056,11968,10880,9792,8704,7616,6528,5440,4352,3264,2176,1088,0
29690,28663,27637,26611,25585,24559,23533,22506,21480,20454,19428,18402,17376,17376,16288,15200,14112,13024,11936,10848,9760,8672,7584,6496,5408,4320,3232,2144,1056,0
28664,27637,26611,25585,24559,23533,22506,21480,20454,19428,18402,17376,17376,16288,15200,14112,13024,11936,10880,9792,8704,7616,6528,5440,4384,3296,2208,1120,32,0
27638,26611,25585,24559,23533,22506,21480,20454,19428,18402,17376,17376,16288,15200,14112,13056,11968,10880,9792,8736,7648,7584,6528,5440,4352,3264,2208,1120,32,0
26611,25584,24558,23532,22506,21480,20454,19428,18402,17376,17376,16288,15200,14144,13056,11968,10912,10848,9760,8704,7616,6560,5472,5408,4352,3264,2176,1120,32,0
25585,24558,23532,22506,21480,20454,19428,18402,17376,17376,16288,15200,14144,13056,12000,11936,10880,9792,8736,7648,7584,6528,5440,4384,3296,3264,2176,1120,32,0
24559,23532,22506,21480,20454,19428,18402,17376,17376,16288,15232,14144,13088,13024,11968,10880,9824,9760,8704,7616,6560,6496,5440,4352,3296,3232,2176,1088,32,0
23533,22506,21480,20454,19428,18402,17376,17376,16288,15232,14144,14112,13024,11968,10912,10848,9792,8704,7648,7616,6528,5472,5408,4352,3296,2208,2176,1088,32,0
22507,21480,20454,19428,18402,17376,17376,16288,15232,14144,14112,13056,11968,11936,10880,9792,9760,8704,7616,6560,6528,5440,4384,4352,3264,2208,2176,1088,32,0
21480,20454,19428,18402,17376,17376,16288,15232,14176,14112,13056,12000,11936,10880,9824,9792,8704,7648,7616,6528,5472,5440,4384,3296,3264,2208,1120,1088,32,0
20454,19428,18402,17376,17376,16288,15232,15200,14144,13056,13024,11968,10912,10848,9792,8736,8704,7616,7584,6528,5472,5408,4352,3296,3264,2176,1120,1088,32,0
19428,18402,17376,17376,16288,15232,15200,14144,13088,13024,11968,11936,10880,9824,9760,8704,7648,7616,6560,6496,5440,4384,4352,3296,3232,2176,1120,1088,32,0
18402,17376,17376,16288,15232,15200,14144,14112,13056,11968,11936,10880,10848,9792,8736,8704,7616,7584,6528,5472,5440,4384,4352,3264,2208,2176,1120,1088,32,0
17376,17376,16288,15232,15200,14144,14112,13056,13024,11968,10912,10848,9792,9760,8704,8672,7616,6560,6528,5472,5408,4352,4320,3264,2208,2176,1120,1088,32,0
32767,30623,29535,28447,27359,26239,25151,24063,22975,21887,20767,19679,18591,17503,16415,16415,14364,13338,12312,11286,10259,9233,7183,6157,5131,4104,3078,2052,1026,0
30623,29503,28415,27327,26239,25151,24063,22943,21855,20767,19679,18591,17503,16415,16415,14364,13338,12312,11286,10260,9234,8208,7182,6156,5130,4104,3078,2052,1026,0
29535,28415,27327,26239,25151,24063,22975,21855,20767,19679,18591,17503,16415,16415,15389,14363,13337,12311,11285,10259,9233,8207,7181,6155,5129,4103,3077,2051,1025,0
28447,27327,26239,25151,24063,22975,21855,20767,19679,18591,17503,16415,16415,15389,14363,13337,12311,11285,10260,9234,8208,7182,6156,5130,4105,3079,2053,1027,1,0
27359,26239,25151,24063,22975,21855,20767,19679,18591,17503,16415,16415,15389,14363,13337,12312,11286,10260,9234,8209,7183,7181,6156,5130,4104,3078,2053,1027,1,0
26239,25119,24031,22943,21855,20767,19679,18591,17503,16415,16415,15389,14363,13338,12312,11286,10261,10259,9233,8208,7182,6157,5131,5129,4104,3078,2052,1027,1,0
25151,24031,22943,21855,20767,19679,18591,17503,16415,16415,15389,14363,13338,12312,11287,11285,10260,9234,8209,7183,7181,6156,5130,4105,3079,3078,2052,1027,1,0
24063,22943,21855,20767,19679,18591,17503,16415,16415,15389,14364,13338,12313,12311,11286,10260,9235,9233,8208,7182,6157,6155,5130,4104,3079,3077,2052,1026,1,0
22975,21855,20767,19679,18591,17503,16415,16415,15389,14364,13338,13337,12311,11286,10261,10259,9234,8208,7183,7182,6156,5131,5129,4104,3079,2053,2052,1026,1,0
21887,20767,19679,18591,17503,16415,16415,15389,14364,13338,13337,12312,11286,11285,10260,9234,9233,8208,7182,6157,6156,5130,4105,4104,3078,2053,2052,1026,1,0
20767,19679,18591,17503,16415,16415,15389,14364,13339,13337,12312,11287,11285,10260,9235,9234,8208,7183,7182,6156,5131,5130,4105,3079,3078,2053,1027,1026,1,0
19679,18591,17503,16415,16415,15389,14364,14363,13338,12312,12311,11286,10261,10259,9234,8209,8208,7182,7181,6156,5131,5129,4104,3079,3078,2052,1027,1026,1,0
18591,17503,16415,16415,15389,14364,14363,13338,12313,12311,11286,11285,10260,9235,9233,8208,7183,7182,6157,6155,5130,4105,4104,3079,3077,2052,1027,1026,1,0
17503,16415,16415,15389,14364,14363,13338,13337,12312,11286,11285,10260,10259,9234,8209,8208,7182,7181,6156,5131,5130,4105,4104,3078,2053,2052,1027,1026,1,0
16415,16415,15389,14364,14363,13338,13337,12312,12311,11286,10261,10259,9234,9233,8208,8207,7182,6157,6156,5131,5129,4104,4103,3078,2053,2052,1027,1026,1,0
32767,32700,32666,32632,32598,32563,32529,32495,32461,32427,32392,32358,32324,32290,32256,32256,29120,27040,24960,22880,19776,17696,15584,13504,11424,8320,6240,4160,2080,0
32700,32665,32631,32597,32563,32529,32495,32460,32426,32392,32358,32324,32290,32256,32256,29120,27040,24960,22880,20800,18720,16640,14560,12480,10400,8320,6240,4160,2080,0
32666,32631,32597,32563,32529,32495,32461,32426,32392,32358,32324,32290,32256,32256,30176,28096,26016,23936,21856,19776,17696,15616,13536,11456,9376,7296,5216,3136,1056,0
32632,32597,32563,32529,32495,32461,32426,32392,32358,32324,32290,32256,32256,30176,28096,26016,23936,21856,20800,18720,16640,14560,12480,10400,9344,7264,5184,3104,1024,0
32598,32563,32529,32495,32461,32426,32392,32358,32324,32290,32256,32256,30176,28096,26016,24960,22880,20800,18720,17664,15584,13536,12480,10400,8320,6240,5184,3104,1024,0
32563,32528,32494,32460,32426,32392,32358,32324,32290,32256,32256,30176,28096,27040,24960,22880,21824,19776,17696,16640,14560,13504,11424,9376,8320,6240,4160,3104,1024,0
32529,32494,32460,32426,32392,32358,32324,32290,32256,32256,30176,28096,27040,24960,23904,21856,20800,18720,17664,15584,13536,12480,10400,9344,7264,6240,4160,3104,1024,0
32495,32460,32426,32392,32358,32324,32290,32256,32256,30176,29120,27040,25984,23936,22880,20800,19744,17696,16640,14560,13504,11456,10400,8320,7264,5216,4160,2080,1024,0
32461,32426,32392,32358,32324,32290,32256,32256,30176,29120,27040,26016,23936,22880,21824,19776,18720,16640,15584,14560,12480,11424,9376,8320,7264,5184,4160,2080,1024,0
32427,32392,32358,32324,32290,32256,32256,30176,29120,27040,26016,24960,22880,21856,20800,18720,17696,16640,14560,13504,12480,10400,9344,8320,6240,5184,4160,2080,1024,0
32392,32358,32324,32290,32256,32256,30176,29120,28064,26016,24960,23904,21856,20800,19744,18720,16640,15584,14560,12480,11424,10400,9344,7264,6240,5184,3104,2080,1024,0
32358,32324,32290,32256,32256,30176,29120,28096,27040,24960,23936,22880,21824,19776,18720,17664,16640,14560,13536,12480,11424,9376,8320,7264,6240,4160,3104,2080,1024,0
32324,32290,32256,32256,30176,29120,28096,27040,25984,23936,22880,21856,20800,19744,17696,16640,15584,14560,13504,11456,10400,9344,8320,7264,5216,4160,3104,2080,1024,0
32290,32256,32256,30176,29120,28096,27040,26016,24960,22880,21856,20800,19776,18720,17664,16640,14560,13536,12480,11424,10400,9344,8320,6240,5184,4160,3104,2080,1024,0
32256,32256,30176,29120,28096,27040,26016,24960,23936,22880,21824,19776,18720,17696,16640,15616,14560,13504,12480,11424,9376,8320,7296,6240,5184,4160,3104,2080,1024,0
32767,29631,27551,25471,23391,20287,18207,16127,14047,11967,8863,6783,4703,2623,543,543,476,442,408,374,339,305,239,205,171,136,102,68,34,0
29631,26527,24447,22367,20287,18207,16127,13023,10943,8863,6783,4703,2623,543,543,476,442,408,374,340,306,272,238,204,170,136,102,68,34,0
27551,24447,22367,20287,18207,16127,14047,10943,8863,6783,4703,2623,543,543,509,475,441,407,373,339,305,271,237,203,169,135,101,67,33,0
25471,22367,20287,18207,16127,14047,10943,8863,6783,4703,2623,543,543,509,475,441,407,373,340,306,272,238,204,170,137,103,69,35,1,0
23391,20287,18207,16127,14047,10943,8863,6783,4703,2623,543,543,509,475,441,408,374,340,306,273,239,237,204,170,136,102,69,35,1,0
20287,17183,15103,13023,10943,8863,6783,4703,2623,543,543,509,475,442,408,374,341,339,305,272,238,205,171,169,136,102,68,35,1,0
18207,15103,13023,10943,8863,6783,4703,2623,543,543,509,475,442,408,375,373,340,306,273,239,237,204,170,137,103,102,68,35,1,0
16127,13023,10943,8863,6783,4703,2623,543,543,509,476,442,409,407,374,340,307,305,272,238,205,203,170,136,103,101,68,34,1,0
14047,10943,8863,6783,4703,2623,543,543,509,476,442,441,407,374,341,339,306,272,239,238,204,171,169,136,103,69,68,34,1,0
11967,8863,6783,4703,2623,543,543,509,476,442,441,408,374,373,340,306,305,272,238,205,204,170,137,136,102,69,68,34,1,0
8863,6783,4703,2623,543,543,509,476,443,441,408,375,373,340,307,306,272,239,238,204,171,170,137,103,102,69,35,34,1,0
6783,4703,2623,543,543,509,476,475,442,408,407,374,341,339,306,273,272,238,237,204,171,169,136,103,102,68,35,34,1,0
4703,2623,543,543,509,476,475,442,409,407,374,373,340,307,305,272,239,238,205,203,170,137,136,103,101,68,35,34,1,0
2623,543,543,509,476,475,442,441,408,374,373,340,339,306,273,272,238,237,204,171,170,137,136,102,69,68,35,34,1,0
543,543,509,476,475,442,441,408,407,374,341,339,306,305,272,271,238,205,204,171,169,136,135,102,69,68,35,34,1,0
32767,32669,32604,32539,32474,32377,32312,32247,32182,32117,32020,31955,31890,31825,31760,31760,28686,26637,24588,22539,19466,17417,15367,13318,11269,8196,6147,4098,2049,0
32669,32572,32507,32442,32377,32312,32247,32150,32085,32020,31955,31890,31825,31760,31760,28686,26637,24588,22539,20490,18441,16392,14343,12294,10245,8196,6147,4098,2049,0
32604,32507,32442,32377,32312,32247,32182,32085,32020,31955,31890,31825,31760,31760,29711,27662,25613,23564,21515,19466,17417,15368,13319,11270,9221,7172,5123,3074,1025,0
32539,32442,32377,32312,32247,32182,32085,32020,31955,31890,31825,31760,31760,29711,27662,25613,23564,21515,20490,18441,16392,14343,12294,10245,9220,7171,5122,3073,1024,0
32474,32377,32312,32247,32182,32085,32020,31955,31890,31825,31760,31760,29711,27662,25613,24588,22539,20490,18441,17416,15367,13319,12294,10245,8196,6147,5122,3073,1024,0
32377,32280,32215,32150,32085,32020,31955,31890,31825,31760,31760,29711,27662,26637,24588,22539,21514,19466,17417,16392,14343,13318,11269,9221,8196,6147,4098,3073,1024,0
32312,32215,32150,32085,32020,31955,31890,31825,31760,31760,29711,27662,26637,24588,23563,21515,20490,18441,17416,15367,13319,12294,10245,9220,7171,6147,4098,3073,1024,0
32247,32150,32085,32020,31955,31890,31825,31760,31760,29711,28686,26637,25612,23564,22539,20490,19465,17417,16392,14343,13318,11270,10245,8196,7171,5123,4098,2049,1024,0
32182,32085,32020,31955,31890,31825,31760,31760,29711,28686,26637,25613,23564,22539,21514,19466,18441,16392,15367,14343,12294,11269,9221,8196,7171,5122,4098,2049,1024,0
32117,32020,31955,31890,31825,31760,31760,29711,28686,26637,25613,24588,22539,21515,20490,18441,17417,16392,14343,13318,12294,10245,9220,8196,6147,5122,4098,2049,1024,0
32020,31955,31890,31825,31760,31760,29711,28686,27661,25613,24588,23563,21515,20490,19465,18441,16392,15367,14343,12294,11269,10245,9220,7171,6147,5122,3073,2049,1024,0
31955,31890,31825,31760,31760,29711,28686,27662,26637,24588,23564,22539,21514,19466,18441,17416,16392,14343,13319,12294,11269,9221,8196,7171,6147,4098,3073,2049,1024,0
31890,31825,31760,31760,29711,28686,27662,26637,25612,23564,22539,21515,20490,19465,17417,16392,15367,14343,13318,11270,10245,9220,8196,7171,5123,4098,3073,2049,1024,0
31825,31760,31760,29711,28686,27662,26637,25613,24588,22539,21515,20490,19466,18441,17416,16392,14343,13319,12294,11269,10245,9220,8196,6147,5122,4098,3073,2049,1024,0
31760,31760,29711,28686,27662,26637,25613,24588,23564,22539,21514,19466,18441,17417,16392,15368,14343,13318,12294,11269,9221,8196,7172,6147,5122,4098,3073,2049,1024,0
32767,29693,27644,25595,23546,20473,18424,16375,14326,12277,9204,7155,5106,3057,1008,1008,910,845,780,715,618,553,487,422,357,260,195,130,65,0
29693,26620,24571,22522,20473,18424,16375,13302,11253,9204,7155,5106,3057,1008,1008,910,845,780,715,650,585,520,455,390,325,260,195,130,65,0
27644,24571,22522,20473,18424,16375,14326,11253,9204,7155,5106,3057,1008,1008,943,878,813,748,683,618,553,488,423,358,293,228,163,98,33,0
25595,22522,20473,18424,16375,14326,11253,9204,7155,5106,3057,1008,1008,943,878,813,748,683,650,585,520,455,390,325,292,227,162,97,32,0
23546,20473,18424,16375,14326,11253,9204,7155,5106,3057,1008,1008,943,878,813,780,715,650,585,552,487,423,390,325,260,195,162,97,32,0
20473,17400,15351,13302,11253,9204,7155,5106,3057,1008,1008,943,878,845,780,715,682,618,553,520,455,422,357,293,260,195,130,97,32,0
18424,15351,13302,11253,9204,7155,5106,3057,1008,1008,943,878,845,780,747,683,650,585,552,487,423,390,325,292,227,195,130,97,32,0
16375,13302,11253,9204,7155,5106,3057,1008,1008,943,910,845,812,748,715,650,617,553,520,455,422,358,325,260,227,163,130,65,32,0
14326,11253,9204,7155,5106,3057,1008,1008,943,910,845,813,748,715,682,618,585,520,487,455,390,357,293,260,227,162,130,65,32,0
12277,9204,7155,5106,3057,1008,1008,943,910,845,813,780,715,683,650,585,553,520,455,422,390,325,292,260,195,162,130,65,32,0
9204,7155,5106,3057,1008,1008,943,910,877,813,780,747,683,650,617,585,520,487,455,390,357,325,292,227,195,162,97,65,32,0
7155,5106,3057,1008,1008,943,910,878,845,780,748,715,682,618,585,552,520,455,423,390,357,293,260,227,195,130,97,65,32,0
5106,3057,1008,1008,943,910,878,845,812,748,715,683,650,617,553,520,487,455,422,358,325,292,260,227,163,130,97,65,32,0
3057,1008,1008,943,910,878,845,813,780,715,683,650,618,585,552,520,455,423,390,357,325,292,260,195,162,130,97,65,32,0
1008,1008,943,910,878,845,813,780,748,715,682,618,585,553,520,488,455,422,390,357,293,260,228,195,162,130,97,65,32,0
32767,30717,29692,28667,27642,26617,25592,24567,23542,22517,21492,20467,19442,18417,17392,17392,15246,14157,13068,11979,10858,9769,7655,6566,5477,4356,3267,2178,1089,0
30717,29692,28667,27642,26617,25592,24567,23542,22517,21492,20467,19442,18417,17392,17392,15246,14157,13068,11979,10890,9801,8712,7623,6534,5445,4356,3267,2178,1089,0
29692,28667,27642,26617,25592,24567,23542,22517,21492,20467,19442,18417,17392,17392,16303,15214,14125,13036,11947,10858,9769,8680,7591,6502,5413,4324,3235,2146,1057,0
28667,27642,26617,25592,24567,23542,22517,21492,20467,19442,18417,17392,17392,16303,15214,14125,13036,11947,10890,9801,8712,7623,6534,5445,4388,3299,2210,1121,32,0
27642,26617,25592,24567,23542,22517,21492,20467,19442,18417,17392,17392,16303,15214,14125,13068,11979,10890,9801,8744,7655,7591,6534,5445,4356,3267,2210,1121,32,0
26617,25592,24567,23542,22517,21492,20467,19442,18417,17392,17392,16303,15214,14157,13068,11979,10922,10858,9769,8712,7623,6566,5477,5413,4356,3267,2178,1121,32,0
25592,24567,23542,22517,21492,20467,19442,18417,17392,17392,16303,15214,14157,13068,12011,11947,10890,9801,8744,7655,7591,6534,5445,4388,3299,3267,2178,1121,32,0
24567,23542,22517,21492,20467,19442,18417,17392,17392,16303,15246,14157,13100,13036,11979,10890,9833,9769,8712,7623,6566,6502,5445,4356,3299,3235,2178,1089,32,0
23542,22517,21492,20467,19442,18417,17392,17392,16303,15246,14157,14125,13036,11979,10922,10858,9801,8712,7655,7623,6534,5477,5413,4356,3299,2210,2178,1089,32,0
22517,21492,20467,19442,18417,17392,17392,16303,15246,14157,14125,13068,11979,11947,10890,9801,9769,8712,7623,6566,6534,5445,4388,4356,3267,2210,2178,1089,32,0
21492,20467,19442,18417,17392,17392,16303,15246,14189,14125,13068,12011,11947,10890,9833,9801,8712,7655,7623,6534,5477,5445,4388,3299,3267,2210,1121,1089,32,0
20467,19442,18417,17392,17392,16303,15246,15214,14157,13068,13036,11979,10922,10858,9801,8744,8712,7623,7591,6534,5477,5413,4356,3299,3267,2178,1121,1089,32,0
19442,18417,17392,17392,16303,15246,15214,14157,13100,13036,11979,11947,10890,9833,9769,8712,7655,7623,6566,6502,5445,4388,4356,3299,3235,2178,1121,1089,32,0
18417,17392,17392,16303,15246,15214,14157,14125,13068,11979,11947,10890,10858,9801,8744,8712,7623,7591,6534,5477,5445,4388,4356,3267,2210,2178,1121,1089,32,0
17392,17392,16303,15246,15214,14157,14125,13068,13036,11979,10922,10858,9801,9769,8712,8680,7623,6566,6534,5477,5413,4356,4324,3267,2210,2178,1121,1089,32,0
32767,30655,29599,28543,27487,26431,25375,24319,23263,22207,21151,20095,19039,17983,16927,16927,14812,13754,12696,11638,10579,9521,7407,6349,5291,4232,3174,2116,1058,0
30655,29599,28543,27487,26431,25375,24319,23263,22207,21151,20095,19039,17983,16927,16927,14812,13754,12696,11638,10580,9522,8464,7406,6348,5290,4232,3174,2116,1058,0
29599,28543,27487,26431,25375,24319,23263,22207,21151,20095,19039,17983,16927,16927,15869,14811,13753,12695,11637,10579,9521,8463,7405,6347,5289,4231,3173,2115,1057,0
28543,27487,26431,25375,24319,23263,22207,21151,20095,19039,17983,16927,16927,15869,14811,13753,12695,11637,10580,9522,8464,7406,6348,5290,4233,3175,2117,1059,1,0
27487,26431,25375,24319,23263,22207,21151,20095,19039,17983,16927,16927,15869,14811,13753,12696,11638,10580,9522,8465,7407,7405,6348,5290,4232,3174,2117,1059,1,0
26431,25375,24319,23263,22207,21151,20095,19039,17983,16927,16927,15869,14811,13754,12696,11638,10581,10579,9521,8464,7406,6349,5291,5289,4232,3174,2116,1059,1,0
25375,24319,23263,22207,21151,20095,19039,17983,16927,16927,15869,14811,13754,12696,11639,11637,10580,9522,8465,7407,7405,6348,5290,4233,3175,3174,2116,1059,1,0
24319,23263,22207,21151,20095,19039,17983,16927,16927,15869,14812,13754,12697,12695,11638,10580,9523,9521,8464,7406,6349,6347,5290,4232,3175,3173,2116,1058,1,0
23263,22207,21151,20095,19039,17983,16927,16927,15869,14812,13754,13753,12695,11638,10581,10579,9522,8464,7407,7406,6348,5291,5289,4232,3175,2117,2116,1058,1,0
22207,21151,20095,19039,17983,16927,16927,15869,14812,13754,13753,12696,11638,11637,10580,9522,9521,8464,7406,6349,6348,5290,4233,4232,3174,2117,2116,1058,1,0
21151,20095,19039,17983,16927,16927,15869,14812,13755,13753,12696,11639,11637,10580,9523,9522,8464,7407,7406,6348,5291,5290,4233,3175,3174,2117,1059,1058,1,0
20095,19039,17983,16927,16927,15869,14812,14811,13754,12696,12695,11638,10581,10579,9522,8465,8464,7406,7405,6348,5291,5289,4232,3175,3174,2116,1059,1058,1,0
19039,17983,16927,16927,15869,14812,14811,13754,12697,12695,11638,11637,10580,9523,9521,8464,7407,7406,6349,6347,5290,4233,4232,3175,3173,2116,1059,1058,1,0
17983,16927,16927,15869,14812,14811,13754,13753,12696,11638,11637,10580,10579,9522,8465,8464,7406,7405,6348,5291,5290,4233,4232,3174,2117,2116,1059,1058,1,0
16927,16927,15869,14812,14811,13754,13753,12696,12695,11638,10581,10579,9522,9521,8464,8463,7406,6349,6348,5291,5289,4232,4231,3174,2117,2116,1059,1058,1,0
32767,32701,32668,32635,32602,32569,32536,32503,32470,32437,32404,32371,32338,32305,32272,32272,29134,27053,24972,22891,19786,17705,15591,13510,11429,8324,6243,4162,2081,0
32701,32668,32635,32602,32569,32536,32503,32470,32437,32404,32371,32338,32305,32272,32272,29134,27053,24972,22891,20810,18729,16648,14567,12486,10405,8324,6243,4162,2081,0
32668,32635,32602,32569,32536,32503,32470,32437,32404,32371,32338,32305,32272,32272,30191,28110,26029,23948,21867,19786,17705,15624,13543,11462,9381,7300,5219,3138,1057,0
32635,32602,32569,32536,32503,32470,32437,32404,32371,32338,32305,32272,32272,30191,28110,26029,23948,21867,20810,18729,16648,14567,12486,10405,9348,7267,5186,3105,1024,0
32602,32569,32536,32503,32470,32437,32404,32371,32338,32305,32272,32272,30191,28110,26029,24972,22891,20810,18729,17672,15591,13543,12486,10405,8324,6243,5186,3105,1024,0
32569,32536,32503,32470,32437,32404,32371,32338,32305,32272,32272,30191,28110,27053,24972,22891,21834,19786,17705,16648,14567,13510,11429,9381,8324,6243,4162,3105,1024,0
32536,32503,32470,32437,32404,32371,32338,32305,32272,32272,30191,28110,27053,24972,23915,21867,20810,18729,17672,15591,13543,12486,10405,9348,7267,6243,4162,3105,1024,0
32503,32470,32437,32404,32371,32338,32305,32272,32272,30191,29134,27053,25996,23948,22891,20810,19753,17705,16648,14567,13510,11462,10405,8324,7267,5219,4162,2081,1024,0
32470,32437,32404,32371,32338,32305,32272,32272,30191,29134,27053,26029,23948,22891,21834,19786,18729,16648,15591,14567,12486,11429,9381,8324,7267,5186,4162,2081,1024,0
32437,32404,32371,32338,32305,32272,32272,30191,29134,27053,26029,24972,22891,21867,20810,18729,17705,16648,14567,13510,12486,10405,9348,8324,6243,5186,4162,2081,1024,0
32404,32371,32338,32305,32272,32272,30191,29134,28077,26029,24972,23915,21867,20810,19753,18729,16648,15591,14567,12486,11429,10405,9348,7267,6243,5186,3105,2081,1024,0
32371,32338,32305,32272,32272,30191,29134,28110,27053,24972,23948,22891,21834,19786,18729,17672,16648,14567,13543,12486,11429,9381,8324,7267,6243,4162,3105,2081,1024,0
32338,32305,32272,32272,30191,29134,28110,27053,25996,23948,22891,21867,20810,19753,17705,16648,15591,14567,13510,11462,10405,9348,8324,7267,5219,4162,3105,2081,1024,0
32305,32272,32272,30191,29134,28110,27053,26029,24972,22891,21867,20810,19786,18729,17672,16648,14567,13543,12486,11429,10405,9348,8324,6243,5186,4162,3105,2081,1024,0
32272,32272,30191,29134,28110,27053,26029,24972,23948,22891,21834,19786,18729,17705,16648,15624,14567,13510,12486,11429,9381,8324,7300,6243,5186,4162,3105,2081,1024,0
32767,30719,29695,28671,27647,26623,25599,24575,23551,22527,21503,20479,19455,18431,17407,17407,15260,14170,13080,11990,10867,9777,7663,6573,5483,4360,3270,2180,1090,0
30719,29695,28671,27647,26623,25599,24575,23551,22527,21503,20479,19455,18431,17407,17407,15260,14170,13080,11990,10900,9810,8720,7630,6540,5450,4360,3270,2180,1090,0
29695,28671,27647,26623,25599,24575,23551,22527,21503,20479,19455,18431,17407,17407,16317,15227,14137,13047,11957,10867,9777,8687,7597,6507,5417,4327,3237,2147,1057,0
28671,27647,26623,25599,24575,23551,22527,21503,20479,19455,18431,17407,17407,16317,15227,14137,13047,11957,10900,9810,8720,7630,6540,5450,4393,3303,2213,1123,33,0
27647,26623,25599,24575,23551,22527,21503,20479,19455,18431,17407,17407,16317,15227,14137,13080,11990,10900,9810,8753,7663,7597,6540,5450,4360,3270,2213,1123,33,0
26623,25599,24575,23551,22527,21503,20479,19455,18431,17407,17407,16317,15227,14170,13080,11990,10933,10867,9777,8720,7630,6573,5483,5417,4360,3270,2180,1123,33,0
25599,24575,23551,22527,21503,20479,19455,18431,17407,17407,16317,15227,14170,13080,12023,11957,10900,9810,8753,7663,7597,6540,5450,4393,3303,3270,2180,1123,33,0
24575,23551,22527,21503,20479,19455,18431,17407,17407,16317,15260,14170,13113,13047,11990,10900,9843,9777,8720,7630,6573,6507,5450,4360,3303,3237,2180,1090,33,0
23551,22527,21503,20479,19455,18431,17407,17407,16317,15260,14170,14137,13047,11990,10933,10867,9810,8720,7663,7630,6540,5483,5417,4360,3303,2213,2180,1090,33,0
22527,21503,20479,19455,18431,17407,17407,16317,15260,14170,14137,13080,11990,11957,10900,9810,9777,8720,7630,6573,6540,5450,4393,4360,3270,2213,2180,1090,33,0
21503,20479,19455,18431,17407,17407,16317,15260,14203,14137,13080,12023,11957,10900,9843,9810,8720,7663,7630,6540,5483,5450,4393,3303,3270,2213,1123,1090,33,0
20479,19455,18431,17407,17407,16317,15260,15227,14170,13080,13047,11990,10933,10867,9810,8753,8720,7630,7597,6540,5483,5417,4360,3303,3270,2180,1123,1090,33,0
19455,18431,17407,17407,16317,15260,15227,14170,13113,13047,11990,11957,10900,9843,9777,8720,7663,7630,6573,6507,5450,4393,4360,3303,3237,2180,1123,1090,33,0
18431,17407,17407,16317,15260,15227,14170,14137,13080,11990,11957,10900,10867,9810,8753,8720,7630,7597,6540,5483,5450,4393,4360,3270,2213,2180,1123,1090,33,0
17407,17407,16317,15260,15227,14170,14137,13080,13047,11990,10933,10867,9810,9777,8720,8687,7630,6573,6540,5483,5417,4360,4327,3270,2213,2180,1123,1090,33,0
32767,32703,32671,32639,32607,32575,32543,32511,32479,32447,32415,32383,32351,32319,32287,32287,29148,27066,24984,22902,19795,17713,15599,13517,11435,8328,6246,4164,2082,0
32703,32671,32639,32607,32575,32543,32511,32479,32447,32415,32383,32351,32319,32287,32287,29148,27066,24984,22902,20820,18738,16656,14574,12492,10410,8328,6246,4164,2082,0
32671,32639,32607,32575,32543,32511,32479,32447,32415,32383,32351,32319,32287,32287,30205,28123,26041,23959,21877,19795,17713,15631,13549,11467,9385,7303,5221,3139,1057,0
32639,32607,32575,32543,32511,32479,32447,32415,32383,32351,32319,32287,32287,30205,28123,26041,23959,21877,20820,18738,16656,14574,12492,10410,9353,7271,5189,3107,1025,0
32607,32575,32543,32511,32479,32447,32415,32383,32351,32319,32287,32287,30205,28123,26041,24984,22902,20820,18738,17681,15599,13549,12492,10410,8328,6246,5189,3107,1025,0
32575,32543,32511,32479,32447,32415,32383,32351,32319,32287,32287,30205,28123,27066,24984,22902,21845,19795,17713,16656,14574,13517,11435,9385,8328,6246,4164,3107,1025,0
32543,32511,32479,32447,32415,32383,32351,32319,32287,32287,30205,28123,27066,24984,23927,21877,20820,18738,17681,15599,13549,12492,10410,9353,7271,6246,4164,3107,1025,0
32511,32479,32447,32415,32383,32351,32319,32287,32287,30205,29148,27066,26009,23959,22902,20820,19763,17713,16656,14574,13517,11467,10410,8328,7271,5221,4164,2082,1025,0
32479,32447,32415,32383,32351,32319,32287,32287,30205,29148,27066,26041,23959,22902,21845,19795,18738,16656,15599,14574,12492,11435,9385,8328,7271,5189,4164,2082,1025,0
32447,32415,32383,32351,32319,32287,32287,30205,29148,27066,26041,24984,22902,21877,20820,18738,17713,16656,14574,13517,12492,10410,9353,8328,6246,5189,4164,2082,1025,0
32415,32383,32351,32319,32287,32287,30205,29148,28091,26041,24984,23927,21877,20820,19763,18738,16656,15599,14574,12492,11435,10410,9353,7271,6246,5189,3107,2082,1025,0
32383,32351,32319,32287,32287,30205,29148,28123,27066,24984,23959,22902,21845,19795,18738,17681,16656,14574,13549,12492,11435,9385,8328,7271,6246,4164,3107,2082,1025,0
32351,32319,32287,32287,30205,29148,28123,27066,26009,23959,22902,21877,20820,19763,17713,16656,15599,14574,13517,11467,10410,9353,8328,7271,5221,4164,3107,2082,1025,0
32319,32287,32287,30205,29148,28123,27066,26041,24984,22902,21877,20820,19795,18738,17681,16656,14574,13549,12492,11435,10410,9353,8328,6246,5189,4164,3107,2082,1025,0
32287,32287,30205,29148,28123,27066,26041,24984,23959,22902,21845,19795,18738,17713,16656,15631,14574,13517,12492,11435,9385,8328,7303,6246,5189,4164,3107,2082,1025,0
32767,32765,32764,32763,32762,32761,32760,32759,32758,32757,32756,32755,32754,32753,32752,32752,29582,27469,25356,23243,20074,17961,15847,13734,11621,8452,6339,4226,2113,0
32765,32764,32763,32762,32761,32760,32759,32758,32757,32756,32755,32754,32753,32752,32752,29582,27469,25356,23243,21130,19017,16904,14791,12678,10565,8452,6339,4226,2113,0
32764,32763,32762,32761,32760,32759,32758,32757,32756,32755,32754,32753,32752,32752,30639,28526,26413,24300,22187,20074,17961,15848,13735,11622,9509,7396,5283,3170,1057,0
32763,32762,32761,32760,32759,32758,32757,32756,32755,32754,32753,32752,32752,30639,28526,26413,24300,22187,21130,19017,16904,14791,12678,10565,9508,7395,5282,3169,1056,0
32762,32761,32760,32759,32758,32757,32756,32755,32754,32753,32752,32752,30639,28526,26413,25356,23243,21130,19017,17960,15847,13735,12678,10565,8452,6339,5282,3169,1056,0
32761,32760,32759,32758,32757,32756,32755,32754,32753,32752,32752,30639,28526,27469,25356,23243,22186,20074,17961,16904,14791,13734,11621,9509,8452,6339,4226,3169,1056,0
32760,32759,32758,32757,32756,32755,32754,32753,32752,32752,30639,28526,27469,25356,24299,22187,21130,19017,17960,15847,13735,12678,10565,9508,7395,6339,4226,3169,1056,0
32759,32758,32757,32756,32755,32754,32753,32752,32752,30639,29582,27469,26412,24300,23243,21130,20073,17961,16904,14791,13734,11622,10565,8452,7395,5283,4226,2113,1056,0
32758,32757,32756,32755,32754,32753,32752,32752,30639,29582,27469,26413,24300,23243,22186,20074,19017,16904,15847,14791,12678,11621,9509,8452,7395,5282,4226,2113,1056,0
32757,32756,32755,32754,32753,32752,32752,30639,29582,27469,26413,25356,23243,22187,21130,19017,17961,16904,14791,13734,12678,10565,9508,8452,6339,5282,4226,2113,1056,0
32756,32755,32754,32753,32752,32752,30639,29582,28525,26413,25356,24299,22187,21130,20073,19017,16904,15847,14791,12678,11621,10565,9508,7395,6339,5282,3169,2113,1056,0
32755,32754,32753,32752,32752,30639,29582,28526,27469,25356,24300,23243,22186,20074,19017,17960,16904,14791,13735,12678,11621,9509,8452,7395,6339,4226,3169,2113,1056,0
32754,32753,32752,32752,30639,29582,28526,27469,26412,24300,23243,22187,21130,20073,17961,16904,15847,14791,13734,11622,10565,9508,8452,7395,5283,4226,3169,2113,1056,0
32753,32752,32752,30639,29582,28526,27469,26413,25356,23243,22187,21130,20074,19017,17960,16904,14791,13735,12678,11621,10565,9508,8452,6339,5282,4226,3169,2113,1056,0
32752,32752,30639,29582,28526,27469,26413,25356,24300,23243,22186,20074,19017,17961,16904,15848,14791,13734,12678,11621,9509,8452,7396,6339,5282,4226,3169,2113,1056,0
93,87,83,79,75,69,65,61,57,53,47,43,39,35,31,31,28,26,24,22,19,17,15,13,11,8,6,4,2,0
32767,29599,27487,25375,23263,20095,17983,15871,13759,11647,8479,6367,4255,2143,31,31,28,26,24,22,19,17,15,13,11,8,6,4,2,0
29599,26431,24319,22207,20095,17983,15871,12703,10591,8479,6367,4255,2143,31,31,28,26,24,22,20,18,16,14,12,10,8,6,4,2,0
27487,24319,22207,20095,17983,15871,13759,10591,8479,6367,4255,2143,31,31,29,27,25,23,21,19,17,15,13,11,9,7,5,3,1,0
25375,22207,20095,17983,15871,13759,10591,8479,6367,4255,2143,31,31,29,27,25,23,21,20,18,16,14,12,10,9,7,5,3,1,0
23263,20095,17983,15871,13759,10591,8479,6367,4255,2143,31,31,29,27,25,24,22,20,18,17,15,13,12,10,8,6,5,3,1,0
20095,16927,14815,12703,10591,8479,6367,4255,2143,31,31,29,27,26,24,22,21,19,17,16,14,13,11,9,8,6,4,3,1,0
17983,14815,12703,10591,8479,6367,4255,2143,31,31,29,27,26,24,23,21,20,18,17,15,13,12,10,9,7,6,4,3,1,0
15871,12703,10591,8479,6367,4255,2143,31,31,29,28,26,25,23,22,20,19,17,16,14,13,11,10,8,7,5,4,2,1,0
13759,10591,8479,6367,4255,2143,31,31,29,28,26,25,23,22,21,19,18,16,15,14,12,11,9,8,7,5,4,2,1,0
11647,8479,6367,4255,2143,31,31,29,28,26,25,24,22,21,20,18,17,16,14,13,12,10,9,8,6,5,4,2,1,0
8479,6367,4255,2143,31,31,29,28,27,25,24,23,21,20,19,18,16,15,14,12,11,10,9,7,6,5,3,2,1,0
32767,29599,27487,25375,23263,20095,17983,15871,13759,11647,8479,6367,4255,2143,31,31,28,26,24,22,19,17,15,13,11,8,6,4,2,0
29599,26431,24319,22207,20095,17983,15871,12703,10591,8479,6367,4255,2143,31,31,28,26,24,22,20,18,16,14,12,10,8,6,4,2,0
27487,24319,22207,20095,17983,15871,13759,10591,8479,6367,4255,2143,31,31,29,27,25,23,21,19,17,15,13,11,9,7,5,3,1,0
25375,22207,20095,17983,15871,13759,10591,8479,6367,4255,2143,31,31,29,27,25,23,21,20,18,16,14,12,10,9,7,5,3,1,0
23263,20095,17983,15871,13759,10591,8479,6367,4255,2143,31,31,29,27,25,24,22,20,18,17,15,13,12,10,8,6,5,3,1,0
20095,16927,14815,12703,10591,8479,6367,4255,2143,31,31,29,27,26,24,22,21,19,17,16,14,13,11,9,8,6,4,3,1,0
17983,14815,12703,10591,8479,6367,4255,2143,31,31,29,27,26,24,23,21,20,18,17,15,13,12,10,9,7,6,4,3,1,0
15871,12703,10591,8479,6367,4255,2143,31,31,29,28,26,25,23,22,20,19,17,16,14,13,11,10,8,7,5,4,2,1,0
13759,10591,8479,6367,4255,2143,31,31,29,28,26,25,23,22,21,19,18,16,15,14,12,11,9,8,7,5,4,2,1,0
11647,8479,6367,4255,2143,31,31,29,28,26,25,24,22,21,20,18,17,16,14,13,12,10,9,8,6,5,4,2,1,0
8479,6367,4255,2143,31,31,29,28,27,25,24,23,21,20,19,18,16,15,14,12,11,10,9,7,6,5,3,2,1,0
6367,4255,2143,31,31,29,28,27,26,24,23,22,21,19,18,17,16,14,13,12,11,9,8,7,6,4,3,2,1,0
4255,2143,31,31,29,28,27,26,25,23,22,21,20,19,17,16,15,14,13,11,10,9,8,7,5,4,3,2,1,0
2143,31,31,29,28,27,26,25,24,22,21,20,19,18,17,16,14,13,12,11,10,9,8,6,5,4,3,2,1,0
31,31,29,28,27,26,25,24,23,22,21,19,18,17,16,15,14,13,12,11,9,8,7,6,5,4,3,2,1,0
32767,29692,27642,25592,23542,20467,18417,16367,14317,12267,9192,7142,5092,3042,992,992,896,832,768,704,608,544,480,416,352,256,192,128,64,0
29692,26617,24567,22517,20467,18417,16367,13292,11242,9192,7142,5092,3042,992,992,896,832,768,704,640,576,512,448,384,320,256,192,128,64,0
27642,24567,22517,20467,18417,16367,14317,11242,9192,7142,5092,3042,992,992,928,864,800,736,672,608,544,480,416,352,288,224,160,96,32,0
25592,22517,20467,18417,16367,14317,11242,9192,7142,5092,3042,992,992,928,864,800,736,672,640,576,512,448,384,320,288,224,160,96,32,0
23542,20467,18417,16367,14317,11242,9192,7142,5092,3042,992,992,928,864,800,768,704,640,576,544,480,416,384,320,256,192,160,96,32,0
20467,17392,15342,13292,11242,9192,7142,5092,3042,992,992,928,864,832,768,704,672,608,544,512,448,416,352,288,256,192,128,96,32,0
18417,15342,13292,11242,9192,7142,5092,3042,992,992,928,864,832,768,736,672,640,576,544,480,416,384,320,288,224,192,128,96,32,0
16367,13292,11242,9192,7142,5092,3042,992,992,928,896,832,800,736,704,640,608,544,512,448,416,352,320,256,224,160,128,64,32,0
14317,11242,9192,7142,5092,3042,992,992,928,896,832,800,736,704,672,608,576,512,480,448,384,352,288,256,224,160,128,64,32,0
12267,9192,7142,5092,3042,992,992,928,896,832,800,768,704,672,640,576,544,512,448,416,384,320,288,256,192,160,128,64,32,0
9192,7142,5092,3042,992,992,928,896,864,800,768,736,672,640,608,576,512,480,448,384,352,320,288,224,192,160,96,64,32,0
7142,5092,3042,992,992,928,896,864,832,768,736,704,672,608,576,544,512,448,416,384,352,288,256,224,192,128,96,64,32,0
5092,3042,992,992,928,896,864,832,800,736,704,672,640,608,544,512,480,448,416,352,320,288,256,224,160,128,96,64,32,0
3042,992,992,928,896,864,832,800,768,704,672,640,608,576,544,512,448,416,384,352,320,288,256,192,160,128,96,64,32,0
992,992,928,896,864,832,800,768,736,704,672,608,576,544,512,480,448,416,384,352,288,256,224,192,160,128,96,64,32,0
32767,32668,32602,32536,32470,32371,32305,32239,32173,32107,32008,31942,31876,31810,31744,31744,28672,26624,24576,22528,19456,17408,15360,13312,11264,8192,6144,4096,2048,0
32668,32569,32503,32437,32371,32305,32239,32140,32074,32008,31942,31876,31810,31744,31744,28672,26624,24576,22528,20480,18432,16384,14336,12288,10240,8192,6144,4096,2048,0
32602,32503,32437,32371,32305,32239,32173,32074,32008,31942,31876,31810,31744,31744,29696,27648,25600,23552,21504,19456,17408,15360,13312,11264,9216,7168,5120,3072,1024,0
32536,32437,32371,32305,32239,32173,32074,32008,31942,31876,31810,31744,31744,29696,27648,25600,23552,21504,20480,18432,16384,14336,12288,10240,9216,7168,5120,3072,1024,0
32470,32371,32305,32239,32173,32074,32008,31942,31876,31810,31744,31744,29696,27648,25600,24576,22528,20480,18432,17408,15360,13312,12288,10240,8192,6144,5120,3072,1024,0
32371,32272,32206,32140,32074,32008,31942,31876,31810,31744,31744,29696,27648,26624,24576,22528,21504,19456,17408,16384,14336,13312,11264,9216,8192,6144,4096,3072,1024,0
32305,32206,32140,32074,32008,31942,31876,31810,31744,31744,29696,27648,26624,24576,23552,21504,20480,18432,17408,15360,13312,12288,10240,9216,7168,6144,4096,3072,1024,0
32239,32140,32074,32008,31942,31876,31810,31744,31744,29696,28672,26624,25600,23552,22528,20480,19456,17408,16384,14336,13312,11264,10240,8192,7168,5120,4096,2048,1024,0
32173,32074,32008,31942,31876,31810,31744,31744,29696,28672,26624,25600,23552,22528,21504,19456,18432,16384,15360,14336,12288,11264,9216,8192,7168,5120,4096,2048,1024,0
32107,32008,31942,31876,31810,31744,31744,29696,28672,26624,25600,24576,22528,21504,20480,18432,17408,16384,14336,13312,12288,10240,9216,8192,6144,5120,4096,2048,1024,0
32008,31942,31876,31810,31744,31744,29696,28672,27648,25600,24576,23552,21504,20480,19456,18432,16384,15360,14336,12288,11264,10240,9216,7168,6144,5120,3072,2048,1024,0
31942,31876,31810,31744,31744,29696,28672,27648,26624,24576,23552,22528,21504,19456,18432,17408,16384,14336,13312,12288,11264,9216,8192,7168,6144,4096,3072,2048,1024,0
31876,31810,31744,31744,29696,28672,27648,26624,25600,23552,22528,21504,20480,19456,17408,16384,15360,14336,13312,11264,10240,9216,8192,7168,5120,4096,3072,2048,1024,0
31810,31744,31744,29696,28672,27648,26624,25600,24576,22528,21504,20480,19456,18432,17408,16384,14336,13312,12288,11264,10240,9216,8192,6144,5120,4096,3072,2048,1024,0
31744,31744,29696,28672,27648,26624,25600,24576,23552,22528,21504,19456,18432,17408,16384,15360,14336,13312,12288,11264,9216,8192,7168,6144,5120,4096,3072,2048,1024,0
32767,29695,27647,25599,23551,20479,18431,16383,14335,12287,9215,7167,5119,3071,1023,1023,924,858,792,726,627,561,495,429,363,264,198,132,66,0
29695,26623,24575,22527,20479,18431,16383,13311,11263,9215,7167,5119,3071,1023,1023,924,858,792,726,660,594,528,462,396,330,264,198,132,66,0
27647,24575,22527,20479,18431,16383,14335,11263,9215,7167,5119,3071,1023,1023,957,891,825,759,693,627,561,495,429,363,297,231,165,99,33,0
25599,22527,20479,18431,16383,14335,11263,9215,7167,5119,3071,1023,1023,957,891,825,759,693,660,594,528,462,396,330,297,231,165,99,33,0
23551,20479,18431,16383,14335,11263,9215,7167,5119,3071,1023,1023,957,891,825,792,726,660,594,561,495,429,396,330,264,198,165,99,33,0
20479,17407,15359,13311,11263,9215,7167,5119,3071,1023,1023,957,891,858,792,726,693,627,561,528,462,429,363,297,264,198,132,99,33,0
18431,15359,13311,11263,9215,7167,5119,3071,1023,1023,957,891,858,792,759,693,660,594,561,495,429,396,330,297,231,198,132,99,33,0
16383,13311,11263,9215,7167,5119,3071,1023,1023,957,924,858,825,759,726,660,627,561,528,462,429,363,330,264,231,165,132,66,33,0
14335,11263,9215,7167,5119,3071,1023,1023,957,924,858,825,759,726,693,627,594,528,495,462,396,363,297,264,231,165,132,66,33,0
12287,9215,7167,5119,3071,1023,1023,957,924,858,825,792,726,693,660,594,561,528,462,429,396,330,297,264,198,165,132,66,33,0
9215,7167,5119,3071,1023,1023,957,924,891,825,792,759,693,660,627,594,528,495,462,396,363,330,297,231,198,165,99,66,33,0
7167,5119,3071,1023,1023,957,924,891,858,792,759,726,693,627,594,561,528,462,429,396,363,297,264,231,198,132,99,66,33,0
5119,3071,1023,1023,957,924,891,858,825,759,726,693,660,627,561,528,495,462,429,363,330,297,264,231,165,132,99,66,33,0
3071,1023,1023,957,924,891,858,825,792,726,693,660,627,594,561,528,462,429,396,363,330,297,264,198,165,132,99,66,33,0
1023,1023,957,924,891,858,825,792,759,726,693,627,594,561,528,495,462,429,396,363,297,264,231,198,165,132,99,66,33,0
32767,32671,32607,32543,32479,32383,32319,32255,32191,32127,32031,31967,31903,31839,31775,31775,28700,26650,24600,22550,19475,17425,15375,13325,11275,8200,6150,4100,2050,0
32671,32575,32511,32447,32383,32319,32255,32159,32095,32031,31967,31903,31839,31775,31775,28700,26650,24600,22550,20500,18450,16400,14350,12300,10250,8200,6150,4100,2050,0
32607,32511,32447,32383,32319,32255,32191,32095,32031,31967,31903,31839,31775,31775,29725,27675,25625,23575,21525,19475,17425,15375,13325,11275,9225,7175,5125,3075,1025,0
32543,32447,32383,32319,32255,32191,32095,32031,31967,31903,31839,31775,31775,29725,27675,25625,23575,21525,20500,18450,16400,14350,12300,10250,9225,7175,5125,3075,1025,0
32479,32383,32319,32255,32191,32095,32031,31967,31903,31839,31775,31775,29725,27675,25625,24600,22550,20500,18450,17425,15375,13325,12300,10250,8200,6150,5125,3075,1025,0
32383,32287,32223,32159,32095,32031,31967,31903,31839,31775,31775,29725,27675,26650,24600,22550,21525,19475,17425,16400,14350,13325,11275,9225,8200,6150,4100,3075,1025,0
32319,32223,32159,32095,32031,31967,31903,31839,31775,31775,29725,27675,26650,24600,23575,21525,20500,18450,17425,15375,13325,12300,10250,9225,7175,6150,4100,3075,1025,0
32255,32159,32095,32031,31967,31903,31839,31775,31775,29725,28700,26650,25625,23575,22550,20500,19475,17425,16400,14350,13325,11275,10250,8200,7175,5125,4100,2050,1025,0
32191,32095,32031,31967,31903,31839,31775,31775,29725,28700,26650,25625,23575,22550,21525,19475,18450,16400,15375,14350,12300,11275,9225,8200,7175,5125,4100,2050,1025,0
32127,32031,31967,31903,31839,31775,31775,29725,28700,26650,25625,24600,22550,21525,20500,18450,17425,16400,14350,13325,12300,10250,9225,8200,6150,5125,4100,2050,1025,0
32031,31967,31903,31839,31775,31775,29725,28700,27675,25625,24600,23575,21525,20500,19475,18450,16400,15375,14350,12300,11275,10250,9225,7175,6150,5125,3075,2050,1025,0
31967,31903,31839,31775,31775,29725,28700,27675,26650,24600,23575,22550,21525,19475,18450,17425,16400,14350,13325,12300,11275,9225,8200,7175,6150,4100,3075,2050,1025,0
31903,31839,31775,31775,29725,28700,27675,26650,25625,23575,22550,21525,20500,19475,17425,16400,15375,14350,13325,11275,10250,9225,8200,7175,5125,4100,3075,2050,1025,0
31839,31775,31775,29725,28700,27675,26650,25625,24600,22550,21525,20500,19475,18450,17425,16400,14350,13325,12300,11275,10250,9225,8200,6150,5125,4100,3075,2050,1025,0
31775,31775,29725,28700,27675,26650,25625,24600,23575,22550,21525,19475,18450,17425,16400,15375,14350,13325,12300,11275,9225,8200,7175,6150,5125,4100,3075,2050,1025,0
32767,32764,32762,32760,32758,32755,32753,32751,32749,32747,32744,32742,32740,32738,32736,32736,29568,27456,25344,23232,20064,17952,15840,13728,11616,8448,6336,4224,2112,0
32764,32761,32759,32757,32755,32753,32751,32748,32746,32744,32742,32740,32738,32736,32736,29568,27456,25344,23232,21120,19008,16896,14784,12672,10560,8448,6336,4224,2112,0
32762,32759,32757,32755,32753,32751,32749,32746,32744,32742,32740,32738,32736,32736,30624,28512,26400,24288,22176,20064,17952,15840,13728,11616,9504,7392,5280,3168,1056,0
32760,32757,32755,32753,32751,32749,32746,32744,32742,32740,32738,32736,32736,30624,28512,26400,24288,22176,21120,19008,16896,14784,12672,10560,9504,7392,5280,3168,1056,0
32758,32755,32753,32751,32749,32746,32744,32742,32740,32738,32736,32736,30624,28512,26400,25344,23232,21120,19008,17952,15840,13728,12672,10560,8448,6336,5280,3168,1056,0
32755,32752,32750,32748,32746,32744,32742,32740,32738,32736,32736,30624,28512,27456,25344,23232,22176,20064,17952,16896,14784,13728,11616,9504,8448,6336,4224,3168,1056,0
32753,32750,32748,32746,32744,32742,32740,32738,32736,32736,30624,28512,27456,25344,24288,22176,21120,19008,17952,15840,13728,12672,10560,9504,7392,6336,4224,3168,1056,0
32751,32748,32746,32744,32742,32740,32738,32736,32736,30624,29568,27456,26400,24288,23232,21120,20064,17952,16896,14784,13728,11616,10560,8448,7392,5280,4224,2112,1056,0
32749,32746,32744,32742,32740,32738,32736,32736,30624,29568,27456,26400,24288,23232,22176,20064,19008,16896,15840,14784,12672,11616,9504,8448,7392,5280,4224,2112,1056,0
32747,32744,32742,32740,32738,32736,32736,30624,29568,27456,26400,25344,23232,22176,21120,19008,17952,16896,14784,13728,12672,10560,9504,8448,6336,5280,4224,2112,1056,0
32744,32742,32740,32738,32736,32736,30624,29568,28512,26400,25344,24288,22176,21120,20064,19008,16896,15840,14784,12672,11616,10560,9504,7392,6336,5280,3168,2112,1056,0
32742,32740,32738,32736,32736,30624,29568,28512,27456,25344,24288,23232,22176,20064,19008,17952,16896,14784,13728,12672,11616,9504,8448,7392,6336,4224,3168,2112,1056,0
32740,32738,32736,32736,30624,29568,28512,27456,26400,24288,23232,22176,21120,20064,17952,16896,15840,14784,13728,11616,10560,9504,8448,7392,5280,4224,3168,2112,1056,0
32738,32736,32736,30624,29568,28512,27456,26400,25344,23232,22176,21120,20064,19008,17952,16896,14784,13728,12672,11616,10560,9504,8448,6336,5280,4224,3168,2112,1056,0
32736,32736,30624,29568,28512,27456,26400,25344,24288,23232,22176,20064,19008,17952,16896,15840,14784,13728,12672,11616,9504,8448,7392,6336,5280,4224,3168,2112,1056,0
32767,29597,27484,25371,23258,20089,17976,15863,13750,11637,8468,6355,4242,2129,16,16,14,13,12,11,10,9,7,6,5,4,3,2,1,0
29597,26428,24315,22202,20089,17976,15863,12694,10581,8468,6355,4242,2129,16,16,14,13,12,11,10,9,8,7,6,5,4,3,2,1,0
27484,24315,22202,20089,17976,15863,13750,10581,8468,6355,4242,2129,16,16,15,14,13,12,11,10,9,8,7,6,5,4,3,2,1,0
25371,22202,20089,17976,15863,13750,10581,8468,6355,4242,2129,16,16,15,14,13,12,11,10,9,8,7,6,5,4,3,2,1,0,0
23258,20089,17976,15863,13750,10581,8468,6355,4242,2129,16,16,15,14,13,12,11,10,9,8,7,7,6,5,4,3,2,1,0,0
20089,16920,14807,12694,10581,8468,6355,4242,2129,16,16,15,14,13,12,11,10,10,9,8,7,6,5,5,4,3,2,1,0,0
17976,14807,12694,10581,8468,6355,4242,2129,16,16,15,14,13,12,11,11,10,9,8,7,7,6,5,4,3,3,2,1,0,0
15863,12694,10581,8468,6355,4242,2129,16,16,15,14,13,12,12,11,10,9,9,8,7,6,6,5,4,3,3,2,1,0,0
13750,10581,8468,6355,4242,2129,16,16,15,14,13,13,12,11,10,10,9,8,7,7,6,5,5,4,3,2,2,1,0,0
11637,8468,6355,4242,2129,16,16,15,14,13,13,12,11,11,10,9,9,8,7,6,6,5,4,4,3,2,2,1,0,0
8468,6355,4242,2129,16,16,15,14,13,13,12,11,11,10,9,9,8,7,7,6,5,5,4,3,3,2,1,1,0,0
6355,4242,2129,16,16,15,14,14,13,12,12,11,10,10,9,8,8,7,7,6,5,5,4,3,3,2,1,1,0,0
4242,2129,16,16,15,14,14,13,12,12,11,11,10,9,9,8,7,7,6,6,5,4,4,3,3,2,1,1,0,0
2129,16,16,15,14,14,13,13,12,11,11,10,10,9,8,8,7,7,6,5,5,4,4,3,2,2,1,1,0,0
16,16,15,14,14,13,13,12,12,11,10,10,9,9,8,8,7,6,6,5,5,4,4,3,2,2,1,1,0,0
32767,29628,27546,25464,23382,20275,18193,16111,14029,11947,8840,6758,4676,2594,512,512,448,416,384,352,320,288,224,192,160,128,96,64,32,0
29628,26521,24439,22357,20275,18193,16111,13004,10922,8840,6758,4676,2594,512,512,448,416,384,352,320,288,256,224,192,160,128,96,64,32,0
27546,24439,22357,20275,18193,16111,14029,10922,8840,6758,4676,2594,512,512,480,448,416,384,352,320,288,256,224,192,160,128,96,64,32,0
25464,22357,20275,18193,16111,14029,10922,8840,6758,4676,2594,512,512,480,448,416,384,352,320,288,256,224,192,160,128,96,64,32,0,0
23382,20275,18193,16111,14029,10922,8840,6758,4676,2594,512,512,480,448,416,384,352,320,288,256,224,224,192,160,128,96,64,32,0,0
20275,17168,15086,13004,10922,8840,6758,4676,2594,512,512,480,448,416,384,352,320,320,288,256,224,192,160,160,128,96,64,32,0,0
18193,15086,13004,10922,8840,6758,4676,2594,512,512,480,448,416,384,352,352,320,288,256,224,224,192,160,128,96,96,64,32,0,0
16111,13004,10922,8840,6758,4676,2594,512,512,480,448,416,384,384,352,320,288,288,256,224,192,192,160,128,96,96,64,32,0,0
14029,10922,8840,6758,4676,2594,512,512,480,448,416,416,384,352,320,320,288,256,224,224,192,160,160,128,96,64,64,32,0,0
11947,8840,6758,4676,2594,512,512,480,448,416,416,384,352,352,320,288,288,256,224,192,192,160,128,128,96,64,64,32,0,0
8840,6758,4676,2594,512,512,480,448,416,416,384,352,352,320,288,288,256,224,224,192,160,160,128,96,96,64,32,32,0,0
6758,4676,2594,512,512,480,448,448,416,384,384,352,320,320,288,256,256,224,224,192,160,160,128,96,96,64,32,32,0,0
4676,2594,512,512,480,448,448,416,384,384,352,352,320,288,288,256,224,224,192,192,160,128,128,96,96,64,32,32,0,0
2594,512,512,480,448,448,416,416,384,352,352,320,320,288,256,256,224,224,192,160,160,128,128,96,64,64,32,32,0,0
512,512,480,448,448,416,416,384,384,352,320,320,288,288,256,256,224,192,192,160,160,128,128,96,64,64,32,32,0,0
32767,30620,29530,28440,27350,26227,25137,24047,22957,21867,20744,19654,18564,17474,16384,16384,14336,13312,12288,11264,10240,9216,7168,6144,5120,4096,3072,2048,1024,0
30620,29497,28407,27317,26227,25137,24047,22924,21834,20744,19654,18564,17474,16384,16384,14336,13312,12288,11264,10240,9216,8192,7168,6144,5120,4096,3072,2048,1024,0
29530,28407,27317,26227,25137,24047,22957,21834,20744,19654,18564,17474,16384,16384,15360,14336,13312,12288,11264,10240,9216,8192,7168,6144,5120,4096,3072,2048,1024,0